Question;Answer 1;Answer 2;CA 1;CA 2;CA 3;CA 4;CA 5;Level;Category;Confirmed;Photo Id;Photo Url
AEK - PAOK Greek Cup Final 17/18 0 - 2;Biseswar;Shakhov;Biseswar;.;.;.;.;Hard;Who Is Missing;TRUE;AEKvsPAOKcupfinal17_18_eoquwo;https://res.cloudinary.com/dlmdnbstg/image/upload/v1724682615/Questions/Who_Is_Missing/AEKvsPAOKcupfinal17_18_eoquwo.png
AEK - Olympiacos Greek Cup Final 19/20 0 - 1;Fortounis;Valbuena;Valbuena;.;.;.;.;Hard;Who Is Missing;TRUE;AEKvsOLYcupfinal19_20_mr8a2c;https://res.cloudinary.com/dlmdnbstg/image/upload/v1724682476/Questions/Who_Is_Missing/AEKvsOLYcupfinal19_20_mr8a2c.png
AEK - PAOK Greek Cup Final 22/23 2 - 0;Pineda;Mantalos;Pineda;.;.;.;.;Hard;Who Is Missing;TRUE;AEKvsPAOKfinal22_23_kawjdu;https://res.cloudinary.com/dlmdnbstg/image/upload/v1724682655/Questions/Who_Is_Missing/AEKvsPAOKfinal22_23_kawjdu.png
Barcelona - Liverpool Champions League Semi-final 18/19 3 - 0;Lenglet;Umtiti;Lenglet;.;.;.;.;Hard;Who Is Missing;TRUE;BFCvsLFC18_19_ltfdr8;https://res.cloudinary.com/dlmdnbstg/image/upload/v1724682935/Questions/Who_Is_Missing/BFCvsLFC18_19_ltfdr8.png
Chelsea - Arsenal Europa League Final 18/19 4 - 1;Pedro;Willian;Pedro;.;.;.;.;Hard;Who Is Missing;TRUE;CHEvsARS18_19EUL_yfbdl2;https://res.cloudinary.com/dlmdnbstg/image/upload/v1724682965/Questions/Who_Is_Missing/CHEvsARS18_19EUL_yfbdl2.png
Dortmund - Bayern Champions League Final 12/13 1 - 2;Subotic;Santana;Subotic;.;.;.;.;Hard;Who Is Missing;TRUE;DORvsBAYCLfinal12_13_omgtav;https://res.cloudinary.com/dlmdnbstg/image/upload/v1724683051/Questions/Who_Is_Missing/DORvsBAYCLfinal12_13_omgtav.png
Germany - Argentina World Cup Final 13/14 0 - 1;Di Maria;Lavezzi;Lavezzi;.;.;.;.;Hard;Who Is Missing;TRUE;GERvsARG_13_14final_uiknl4;https://res.cloudinary.com/dlmdnbstg/image/upload/v1724683243/Questions/Who_Is_Missing/GERvsARG_13_14final_uiknl4.png
Germany - Spain World Cup Semi-final 09/10 0 - 1;Podolski;Marko Marin;Podolski;.;.;.;.;Hard;Who Is Missing;TRUE;GERvsSPA09_10mudial_mlpjtb;https://res.cloudinary.com/dlmdnbstg/image/upload/v1724683404/Questions/Who_Is_Missing/GERvsSPA09_10mudial_mlpjtb.png
Greece - Costa Rica World Cup Quarter-final 13/14 1 - 1;Maniatis;Katsouranis;Maniatis;.;.;.;.;Hard;Who Is Missing;TRUE;GREvsCOST13_14_dvboxl;https://res.cloudinary.com/dlmdnbstg/image/upload/v1724683523/Questions/Who_Is_Missing/GREvsCOST13_14_dvboxl.png
Spain - England Euro Final 23/24 2 - 1;Trippier;Guehi;Guehi;.;.;.;.;Hard;Who Is Missing;TRUE;ENGvsSPA_wo7iln;https://res.cloudinary.com/dlmdnbstg/image/upload/v1724683554/Questions/Who_Is_Missing/ENGvsSPA_wo7iln.png
Juventus - Barcelona Champions League Final 14/15 1 - 3;Tevez;"Llorente	";Tevez;.;.;.;.;Hard;Who Is Missing;TRUE;BARvsJUVECLfinal14_15_ibrulb;https://res.cloudinary.com/dlmdnbstg/image/upload/v1724682857/Questions/Who_Is_Missing/BARvsJUVECLfinal14_15_ibrulb.png
Manchester City - Inter Champions League Final 22/23 1-0;Acebri;de Vrij;Acebri;.;.;.;.;Hard;Who Is Missing;TRUE;MCvsInterfinal22_23_k9newz;https://res.cloudinary.com/dlmdnbstg/image/upload/v1724683613/Questions/Who_Is_Missing/MCvsInterfinal22_23_k9newz.png
Argentina - France World Cup Final 21/22 3 - 3;Montil;Molina;Molina;.;.;.;.;Hard;Who Is Missing;TRUE;FRAvsARGMudialfinal21_22_iuqdxv;https://res.cloudinary.com/dlmdnbstg/image/upload/v1724683070/Questions/Who_Is_Missing/FRAvsARGMudialfinal21_22_iuqdxv.png
Olympiacos - PAOK Greek Cup Final 20/21 1 - 2;Masouras;Fortounis;Masouras;.;.;.;.;Hard;Who Is Missing;TRUE;OLYvsPAOKcupfinal20_21_kbnbcj;https://res.cloudinary.com/dlmdnbstg/image/upload/v1724683642/Questions/Who_Is_Missing/OLYvsPAOKcupfinal20_21_kbnbcj.png
PAO - PAOK Greek Cup Final 21/22 1 - 0;Villafanez;Kourbelis;Villafanez;.;.;.;.;Hard;Who Is Missing;TRUE;PAOvsPAOK21_22final_xzvnuj;https://res.cloudinary.com/dlmdnbstg/image/upload/v1724683687/Questions/Who_Is_Missing/PAOvsPAOK21_22final_xzvnuj.png
Portugal - France EURO Final 15/16 1 - 0;Matuidi;Kante;Matuidi;.;.;.;.;Hard;Who Is Missing;TRUE;PORvsFRA15_16euro_tvk8x8;https://res.cloudinary.com/dlmdnbstg/image/upload/v1724683702/Questions/Who_Is_Missing/PORvsFRA15_16euro_tvk8x8.png
Portugal - Wales EURO Semi-Final 15/16 2 - 0;Pepe;Bruno Alves;Bruno Alves;.;.;.;.;Hard;Who Is Missing;TRUE;PORvsWALLESeuro15_16_gs5dpp;https://res.cloudinary.com/dlmdnbstg/image/upload/v1724683725/Questions/Who_Is_Missing/PORvsWALLESeuro15_16_gs5dpp.png
Spain - Italy EURO Final 11/12 4 - 0;Cassano;Di Natale;Cassano;.;.;.;.;Hard;Who Is Missing;TRUE;SPAvsITAeuro11_12final_bvnj15;https://res.cloudinary.com/dlmdnbstg/image/upload/v1724683748/Questions/Who_Is_Missing/SPAvsITAeuro11_12final_bvnj15.png
Villareal - Manchester United Europa League Final 20/21 ;Bailly;Lindelof ;Lindelof ;.;.;.;.;Hard;Who Is Missing;TRUE;VREALvsMANU_20_21EUL_final_wg2bq0;https://res.cloudinary.com/dlmdnbstg/image/upload/v1724683786/Questions/Who_Is_Missing/VREALvsMANU_20_21EUL_final_wg2bq0.png
Which team's logo is this?;Athletic Bilbao;Atletico Madrid;Athletic Bilbao;.;.;.;.;Easy;Logo Quiz;TRUE;logo1_utaaw3;https://res.cloudinary.com/dlmdnbstg/image/upload/v1724684517/Questions/Logo%20Quiz/Easy/logo1_utaaw3.png
Which team's logo is this?;Rosario Central;Boca Juniors;Boca Juniors;.;.;.;.;Easy;Logo Quiz;TRUE;logo2_mjtm8w;https://res.cloudinary.com/dlmdnbstg/image/upload/v1724684518/Questions/Logo%20Quiz/Easy/logo2_mjtm8w.png
Which team's logo is this?;Brentford;Sheffield United;Brentford;.;.;.;.;Easy;Logo Quiz;TRUE;logo3_yungwf;https://res.cloudinary.com/dlmdnbstg/image/upload/v1724684519/Questions/Logo%20Quiz/Easy/logo3_yungwf.png
Which team's logo is this?;Rangers;Espanyol;Espanyol;.;.;.;.;Easy;Logo Quiz;TRUE;logo4_f9fzt0;https://res.cloudinary.com/dlmdnbstg/image/upload/v1724684520/Questions/Logo%20Quiz/Easy/logo4_f9fzt0.png
Which team's logo is this?;Fenerbahce;Ankaragucu;Fenerbahce;.;.;.;.;Easy;Logo Quiz;TRUE;logo5_qo1vkx;https://res.cloudinary.com/dlmdnbstg/image/upload/v1724684521/Questions/Logo%20Quiz/Easy/logo5_qo1vkx.png
Which team's logo is this?;Austria Wien;Fiorentina;Fiorentina;.;.;.;.;Easy;Logo Quiz;TRUE;logo6_mzz9gv;https://res.cloudinary.com/dlmdnbstg/image/upload/v1724684494/Questions/Logo%20Quiz/Easy/logo6_mzz9gv.png
Which team's logo is this?;Fulham;Guimaraes;Fulham;.;.;.;.;Easy;Logo Quiz;TRUE;logo7_k0dbby;https://res.cloudinary.com/dlmdnbstg/image/upload/v1724684495/Questions/Logo%20Quiz/Easy/logo7_k0dbby.png
Which team's logo is this?;Genk;Gent;Gent;.;.;.;.;Easy;Logo Quiz;TRUE;logo8_en7bzp;https://res.cloudinary.com/dlmdnbstg/image/upload/v1724684495/Questions/Logo%20Quiz/Easy/logo8_en7bzp.png
Which team's logo is this?;Inter Miami;Inter Milan;Inter Miami;.;.;.;.;Easy;Logo Quiz;TRUE;logo9_cxgh4n;https://res.cloudinary.com/dlmdnbstg/image/upload/v1724684508/Questions/Logo%20Quiz/Easy/logo9_cxgh4n.png
Which team's logo is this?;Red Star;Larisa;Larisa;.;.;.;.;Easy;Logo Quiz;TRUE;logo10_u6tjqh;https://res.cloudinary.com/dlmdnbstg/image/upload/v1724684509/Questions/Logo%20Quiz/Easy/logo10_u6tjqh.png
Which team's logo is this?;Monaco;Red Star;Monaco;.;.;.;.;Easy;Logo Quiz;TRUE;logo11_dcqwfu;https://res.cloudinary.com/dlmdnbstg/image/upload/v1724684509/Questions/Logo%20Quiz/Easy/logo11_dcqwfu.png
Which team's logo is this?;Real Zaragoza;PSV;PSV;.;.;.;.;Easy;Logo Quiz;TRUE;logo12_vbronu;https://res.cloudinary.com/dlmdnbstg/image/upload/v1724684510/Questions/Logo%20Quiz/Easy/logo12_vbronu.png
Which team's logo is this?;Rangers;Espanyol;Rangers;.;.;.;.;Easy;Logo Quiz;TRUE;logo13_nkslnx;https://res.cloudinary.com/dlmdnbstg/image/upload/v1724684511/Questions/Logo%20Quiz/Easy/logo13_nkslnx.png
Which team's logo is this?;Monaco;Red Star;Red Star;.;.;.;.;Easy;Logo Quiz;TRUE;logo14_ufp164;https://res.cloudinary.com/dlmdnbstg/image/upload/v1724684511/Questions/Logo%20Quiz/Easy/logo14_ufp164.png
Which team's logo is this?;Slovan Bratislava;Banik Ostrava;Slovan Bratislava;.;.;.;.;Easy;Logo Quiz;TRUE;logo15_bqj9if;https://res.cloudinary.com/dlmdnbstg/image/upload/v1724684512/Questions/Logo%20Quiz/Easy/logo15_bqj9if.png
Which team's logo is this?;Slavia Prague;Sparta Prague;Sparta Prague;.;.;.;.;Easy;Logo Quiz;TRUE;logo16_mphzk5;https://res.cloudinary.com/dlmdnbstg/image/upload/v1724684513/Questions/Logo%20Quiz/Easy/logo16_mphzk5.png
Which team's logo is this?;Stoke;Sunderland;Stoke;.;.;.;.;Easy;Logo Quiz;TRUE;logo17_oqohth;https://res.cloudinary.com/dlmdnbstg/image/upload/v1724684514/Questions/Logo%20Quiz/Easy/logo17_oqohth.png
Which team's logo is this?;Ipswich;Twente;Twente;.;.;.;.;Easy;Logo Quiz;TRUE;logo18_qfmlpj;https://res.cloudinary.com/dlmdnbstg/image/upload/v1724684515/Questions/Logo%20Quiz/Easy/logo18_qfmlpj.png
Which team's logo is this?;West Ham;Aston Villa;West Ham;.;.;.;.;Easy;Logo Quiz;TRUE;logo19_mbl8op;https://res.cloudinary.com/dlmdnbstg/image/upload/v1724684516/Questions/Logo%20Quiz/Easy/logo19_mbl8op.png
Which team's logo is this?;Go Ahead Eagles;Willem;Willem;.;.;.;.;Easy;Logo Quiz;TRUE;logo20_zrzvub;https://res.cloudinary.com/dlmdnbstg/image/upload/v1724684516/Questions/Logo%20Quiz/Easy/logo20_zrzvub.png
Which team's logo is this?;AEK Larnakas;Omonia;AEK Larnakas;.;.;.;.;Medium;Logo Quiz;TRUE;logo1_vvcan8;https://res.cloudinary.com/dlmdnbstg/image/upload/v1724684973/Questions/Logo%20Quiz/Medium/logo1_vvcan8.png
Which team's logo is this?;Girona;Almeria;Almeria;.;.;.;.;Medium;Logo Quiz;TRUE;logo2_sogqvp;https://res.cloudinary.com/dlmdnbstg/image/upload/v1724684976/Questions/Logo%20Quiz/Medium/logo2_sogqvp.png
Which team's logo is this?;Angers;Newcastle United;Angers;.;.;.;.;Medium;Logo Quiz;TRUE;logo3_uajwhg;https://res.cloudinary.com/dlmdnbstg/image/upload/v1724684975/Questions/Logo%20Quiz/Medium/logo3_uajwhg.png
Which team's logo is this?;Bristol Rovers;Backburn;Backburn;.;.;.;.;Medium;Logo Quiz;TRUE;logo4_j26eef;https://res.cloudinary.com/dlmdnbstg/image/upload/v1724684976/Questions/Logo%20Quiz/Medium/logo4_j26eef.png
Which team's logo is this?;Cagliari;Catania;Cagliari;.;.;.;.;Medium;Logo Quiz;TRUE;logo5_w173d0;https://res.cloudinary.com/dlmdnbstg/image/upload/v1724684978/Questions/Logo%20Quiz/Medium/logo5_w173d0.png
Which team's logo is this?;Real Zaragoza;Celta;Celta;.;.;.;.;Medium;Logo Quiz;TRUE;logo6_cwkcbl;https://res.cloudinary.com/dlmdnbstg/image/upload/v1724684978/Questions/Logo%20Quiz/Medium/logo6_cwkcbl.png
Which team's logo is this?;Clermont;Cagliari;Clermont;.;.;.;.;Medium;Logo Quiz;TRUE;logo7_a6h3sz;https://res.cloudinary.com/dlmdnbstg/image/upload/v1724684961/Questions/Logo%20Quiz/Medium/logo7_a6h3sz.png
Which team's logo is this?;Odense;Darmstadt;Darmstadt;.;.;.;.;Medium;Logo Quiz;TRUE;logo8_smx7wm;https://res.cloudinary.com/dlmdnbstg/image/upload/v1724684961/Questions/Logo%20Quiz/Medium/logo8_smx7wm.png
Which team's logo is this?;Flamengo;Sao Paulo;Flamengo;.;.;.;.;Medium;Logo Quiz;TRUE;logo9_uecuxs;https://res.cloudinary.com/dlmdnbstg/image/upload/v1724684961/Questions/Logo%20Quiz/Medium/logo9_uecuxs.png
Which team's logo is this?;Hellas Verona;Frosinone;Frosinone;.;.;.;.;Medium;Logo Quiz;TRUE;logo10_dofhu6;https://res.cloudinary.com/dlmdnbstg/image/upload/v1724684963/Questions/Logo%20Quiz/Medium/logo10_dofhu6.png
Which team's logo is this?;Getafe;Espanyol;Getafe;.;.;.;.;Medium;Logo Quiz;TRUE;logo11_dw8zre;https://res.cloudinary.com/dlmdnbstg/image/upload/v1724684963/Questions/Logo%20Quiz/Medium/logo11_dw8zre.png
Which team's logo is this?;Twente;Ipswich;Ipswich;.;.;.;.;Medium;Logo Quiz;TRUE;logo12_yuv0zx;https://res.cloudinary.com/dlmdnbstg/image/upload/v1724684965/Questions/Logo%20Quiz/Medium/logo12_yuv0zx.png
Which team's logo is this?;Kalithea;Kifisia;Kalithea;.;.;.;.;Medium;Logo Quiz;TRUE;logo13_uyeq7z;https://res.cloudinary.com/dlmdnbstg/image/upload/v1724684965/Questions/Logo%20Quiz/Medium/logo13_uyeq7z.png
Which team's logo is this?;Brestois ;Lorient;Lorient;.;.;.;.;Medium;Logo Quiz;TRUE;logo14_wgsccg;https://res.cloudinary.com/dlmdnbstg/image/upload/v1724684966/Questions/Logo%20Quiz/Medium/logo14_wgsccg.png
Which team's logo is this?;Metz;Nice ;Metz;.;.;.;.;Medium;Logo Quiz;TRUE;logo15_w3ulan;https://res.cloudinary.com/dlmdnbstg/image/upload/v1724684967/Questions/Logo%20Quiz/Medium/logo15_w3ulan.png
Which team's logo is this?;Metz;Nice;Nice;.;.;.;.;Medium;Logo Quiz;TRUE;logo16_srnako;https://res.cloudinary.com/dlmdnbstg/image/upload/v1724684968/Questions/Logo%20Quiz/Medium/logo16_srnako.png
Which team's logo is this?;Rapid Wien;Werder Bremen;Rapid Wien;.;.;.;.;Medium;Logo Quiz;TRUE;logo17_aaa3kk;https://res.cloudinary.com/dlmdnbstg/image/upload/v1724684969/Questions/Logo%20Quiz/Medium/logo17_aaa3kk.png
Which team's logo is this?;Sturm Graz;Santos;Santos;.;.;.;.;Medium;Logo Quiz;TRUE;logo18_vjo1i3;https://res.cloudinary.com/dlmdnbstg/image/upload/v1724684970/Questions/Logo%20Quiz/Medium/logo18_vjo1i3.png
Which team's logo is this?;Slavia Prague;Sparta Prague;Slavia Prague;.;.;.;.;Medium;Logo Quiz;TRUE;logo19_h8ufws;https://res.cloudinary.com/dlmdnbstg/image/upload/v1724684970/Questions/Logo%20Quiz/Medium/logo19_h8ufws.png
Which team's logo is this?;Santos;Sturm Graz;Sturm Graz;.;.;.;.;Medium;Logo Quiz;TRUE;logo20_nl42rt;https://res.cloudinary.com/dlmdnbstg/image/upload/v1724684972/Questions/Logo%20Quiz/Medium/logo20_nl42rt.png
Which team's logo is this?;Venezia;Parma;Venezia;.;.;.;.;Medium;Logo Quiz;TRUE;logo21_gy3gd1;https://res.cloudinary.com/dlmdnbstg/image/upload/v1724684972/Questions/Logo%20Quiz/Medium/logo21_gy3gd1.png
Which team's logo is this?;Bari;Ascoli;Ascoli;.;.;.;.;Hard;Logo Quiz;TRUE;logo1_qvweoe;https://res.cloudinary.com/dlmdnbstg/image/upload/v1724685237/Questions/Logo%20Quiz/Hard/logo1_qvweoe.png
Which team's logo is this?;Banik Ostrava;Tigre;Banik Ostrava;.;.;.;.;Hard;Logo Quiz;TRUE;logo2_lqfoef;https://res.cloudinary.com/dlmdnbstg/image/upload/v1724685237/Questions/Logo%20Quiz/Hard/logo2_lqfoef.png
Which team's logo is this?;Cagliari;Catania;Catania;.;.;.;.;Hard;Logo Quiz;TRUE;logo3_sfuor6;https://res.cloudinary.com/dlmdnbstg/image/upload/v1724685239/Questions/Logo%20Quiz/Hard/logo3_sfuor6.png
Which team's logo is this?;Cincinati;Crestwood;Cincinati;.;.;.;.;Hard;Logo Quiz;TRUE;logo4_xk2ceu;https://res.cloudinary.com/dlmdnbstg/image/upload/v1724685240/Questions/Logo%20Quiz/Hard/logo4_xk2ceu.png
Which team's logo is this?;Sporting Cristal;Colo Colo;Colo Colo;.;.;.;.;Hard;Logo Quiz;TRUE;logo5_fucgkm;https://res.cloudinary.com/dlmdnbstg/image/upload/v1724685241/Questions/Logo%20Quiz/Hard/logo5_fucgkm.png
Which team's logo is this?;Cruz Azul;Argentinos Juniors;Cruz Azul;.;.;.;.;Hard;Logo Quiz;TRUE;logo6_cuen9u;https://res.cloudinary.com/dlmdnbstg/image/upload/v1724685242/Questions/Logo%20Quiz/Hard/logo6_cuen9u.png
Which team's logo is this?;Panathinaikos;Greuther Furth;Greuther Furth;.;.;.;.;Hard;Logo Quiz;TRUE;logo7_p5kkk5;https://res.cloudinary.com/dlmdnbstg/image/upload/v1724685244/Questions/Logo%20Quiz/Hard/logo7_p5kkk5.png
Which team's logo is this?;International;Corinthians;International;.;.;.;.;Hard;Logo Quiz;TRUE;logo8_osyjf5;https://res.cloudinary.com/dlmdnbstg/image/upload/v1724685246/Questions/Logo%20Quiz/Hard/logo8_osyjf5.png
Which team's logo is this?;Matalist;Maribor;Maribor;.;.;.;.;Hard;Logo Quiz;TRUE;logo9_hin6kt;https://res.cloudinary.com/dlmdnbstg/image/upload/v1724685246/Questions/Logo%20Quiz/Hard/logo9_hin6kt.png
Which team's logo is this?;Maribor;Matalist;Matalist;.;.;.;.;Hard;Logo Quiz;TRUE;logo10_o0gc4a;https://res.cloudinary.com/dlmdnbstg/image/upload/v1724685249/Questions/Logo%20Quiz/Hard/logo10_o0gc4a.png
Which team's logo is this?;Odense;Darmstadt;Odense;.;.;.;.;Hard;Logo Quiz;TRUE;logo11_pkpwmg;https://res.cloudinary.com/dlmdnbstg/image/upload/v1724685247/Questions/Logo%20Quiz/Hard/logo11_pkpwmg.png
Which team's logo is this?;Bohemians Praha;Olimpija Ljubljana;Olimpija Ljubljana;.;.;.;.;Hard;Logo Quiz;TRUE;logo12_by93hk;https://res.cloudinary.com/dlmdnbstg/image/upload/v1724685186/Questions/Logo%20Quiz/Hard/logo12_by93hk.png
Which team's logo is this?;Orlando City;Anderlecht;Orlando City;.;.;.;.;Hard;Logo Quiz;TRUE;logo13_nyw6f9;https://res.cloudinary.com/dlmdnbstg/image/upload/v1724685185/Questions/Logo%20Quiz/Hard/logo13_nyw6f9.png
Which team's logo is this?;Helmond;Paris;Paris;.;.;.;.;Hard;Logo Quiz;TRUE;logo14_d8daxy;https://res.cloudinary.com/dlmdnbstg/image/upload/v1724685187/Questions/Logo%20Quiz/Hard/logo14_d8daxy.png
Which team's logo is this?;Preston;Doncaster Rovers;Preston;.;.;.;.;Hard;Logo Quiz;TRUE;logo15_dtrc1z;https://res.cloudinary.com/dlmdnbstg/image/upload/v1724685228/Questions/Logo%20Quiz/Hard/logo15_dtrc1z.png
Which team's logo is this?;Monarcas Morelia;Pumas;Pumas;.;.;.;.;Hard;Logo Quiz;TRUE;logo16_qnh4jl;https://res.cloudinary.com/dlmdnbstg/image/upload/v1724685229/Questions/Logo%20Quiz/Hard/logo16_qnh4jl.png
Which team's logo is this?;Rosario Central;Penarol;Rosario Central;.;.;.;.;Hard;Logo Quiz;TRUE;logo17_fpuzgh;https://res.cloudinary.com/dlmdnbstg/image/upload/v1724685230/Questions/Logo%20Quiz/Hard/logo17_fpuzgh.png
Which team's logo is this?;Antalyaspor;Sivasspor;Sivasspor;.;.;.;.;Hard;Logo Quiz;TRUE;logo18_lytpgk;https://res.cloudinary.com/dlmdnbstg/image/upload/v1724685231/Questions/Logo%20Quiz/Hard/logo18_lytpgk.png
Which team's logo is this?;Tigre;Tijuana;Tigre;.;.;.;.;Hard;Logo Quiz;TRUE;logo19_tx5lhf;https://res.cloudinary.com/dlmdnbstg/image/upload/v1724685232/Questions/Logo%20Quiz/Hard/logo19_tx5lhf.png
Which team's logo is this?;Racing Club;Universidad;Universidad;.;.;.;.;Hard;Logo Quiz;TRUE;logo20_wzmnkb;https://res.cloudinary.com/dlmdnbstg/image/upload/v1724685236/Questions/Logo%20Quiz/Hard/logo20_wzmnkb.png
Which team plays in this stadium?;Ajax;Feyenoord;Ajax;.;.;.;.;Medium;Find The Stadium;TRUE;stadium1_kjcs0f;https://res.cloudinary.com/dlmdnbstg/image/upload/v1724687990/Questions/Find%20The%20Stadium/stadium1_kjcs0f.jpg
Which team plays in this stadium?;Kalithea Stadium;Alkazar;Alkazar;.;.;.;.;Medium;Find The Stadium;TRUE;stadium2_aqvwm3;https://res.cloudinary.com/dlmdnbstg/image/upload/v1724687990/Questions/Find%20The%20Stadium/stadium2_aqvwm3.jpg
Which team plays in this stadium?;Atalanta;Fiorentina;Atalanta;.;.;.;.;Medium;Find The Stadium;TRUE;stadium3_h3gafx;https://res.cloudinary.com/dlmdnbstg/image/upload/v1724688032/Questions/Find%20The%20Stadium/stadium3_h3gafx.png
Which team plays in this stadium?;Athletic Bilbao;Atletico Madrid;Atletico Madrid;.;.;.;.;Medium;Find The Stadium;TRUE;stadium4_moaftw;https://res.cloudinary.com/dlmdnbstg/image/upload/v1724687995/Questions/Find%20The%20Stadium/stadium4_moaftw.jpg
Which team plays in this stadium?;Besiktas;Basaksehir;Besiktas;.;.;.;.;Medium;Find The Stadium;TRUE;stadium5_yvifi3;https://res.cloudinary.com/dlmdnbstg/image/upload/v1724687995/Questions/Find%20The%20Stadium/stadium5_yvifi3.png
Which team plays in this stadium?;Atletico Madrid;Athletic Bilbao;Athletic Bilbao;.;.;.;.;Medium;Find The Stadium;TRUE;stadium6_dxbqzf;https://res.cloudinary.com/dlmdnbstg/image/upload/v1724687991/Questions/Find%20The%20Stadium/stadium6_dxbqzf.jpg
Which team plays in this stadium?;Bordeaux;Lyon;Bordeaux;.;.;.;.;Medium;Find The Stadium;TRUE;stadium7_lim2sx;https://res.cloudinary.com/dlmdnbstg/image/upload/v1724687995/Questions/Find%20The%20Stadium/stadium7_lim2sx.jpg
Which team plays in this stadium?;Luton;Bournemouth;Bournemouth;.;.;.;.;Medium;Find The Stadium;TRUE;stadium8_ruvy75;https://res.cloudinary.com/dlmdnbstg/image/upload/v1724687995/Questions/Find%20The%20Stadium/stadium8_ruvy75.png
Which team plays in this stadium?;Brentford;Sheffield United;Brentford;.;.;.;.;Medium;Find The Stadium;TRUE;stadium9_aa2uv5;https://res.cloudinary.com/dlmdnbstg/image/upload/v1724687996/Questions/Find%20The%20Stadium/stadium9_aa2uv5.png
Which team plays in this stadium?;Chelsea;Brighton;Brighton;.;.;.;.;Medium;Find The Stadium;TRUE;stadium10_gks09t;https://res.cloudinary.com/dlmdnbstg/image/upload/v1724687995/Questions/Find%20The%20Stadium/stadium10_gks09t.png
Which team plays in this stadium?;Celtics;Rapid Wien;Celtics;.;.;.;.;Medium;Find The Stadium;TRUE;stadium11_lz7f9z;https://res.cloudinary.com/dlmdnbstg/image/upload/v1724688043/Questions/Find%20The%20Stadium/stadium11_lz7f9z.png
Which team plays in this stadium?;Hajduk;Dinamo Zagreb;Dinamo Zagreb;.;.;.;.;Medium;Find The Stadium;TRUE;stadium12_aecth8;https://res.cloudinary.com/dlmdnbstg/image/upload/v1724688021/Questions/Find%20The%20Stadium/stadium12_aecth8.jpg
Which team plays in this stadium?;Fenerbahce;Real Sociedad;Fenerbahce;.;.;.;.;Medium;Find The Stadium;TRUE;stadium13_u1tvsh;https://res.cloudinary.com/dlmdnbstg/image/upload/v1724688034/Questions/Find%20The%20Stadium/stadium13_u1tvsh.png
Which team plays in this stadium?;PSV;Feyenoord;Feyenoord;.;.;.;.;Medium;Find The Stadium;TRUE;stadium14_q5ovfj;https://res.cloudinary.com/dlmdnbstg/image/upload/v1724688019/Questions/Find%20The%20Stadium/stadium14_q5ovfj.jpg
Which team plays in this stadium?;Fiorentina;Under;Fiorentina;.;.;.;.;Medium;Find The Stadium;TRUE;stadium15_ycdz0u;https://res.cloudinary.com/dlmdnbstg/image/upload/v1724688021/Questions/Find%20The%20Stadium/stadium15_ycdz0u.png
Which team plays in this stadium?;Shakhtar Donetsk;Galatasaray;Galatasaray;.;.;.;.;Medium;Find The Stadium;TRUE;stadium16_u5b9iw;https://res.cloudinary.com/dlmdnbstg/image/upload/v1724688023/Questions/Find%20The%20Stadium/stadium16_u5b9iw.png
Which team plays in this stadium?;Genoa;Torino;Genoa;.;.;.;.;Medium;Find The Stadium;TRUE;stadium17_j5lcyb;https://res.cloudinary.com/dlmdnbstg/image/upload/v1724688036/Questions/Find%20The%20Stadium/stadium17_j5lcyb.jpg
Which team plays in this stadium?;Roma;Herta;Herta;.;.;.;.;Medium;Find The Stadium;TRUE;stadium18_kqxbrc;https://res.cloudinary.com/dlmdnbstg/image/upload/v1724688020/Questions/Find%20The%20Stadium/stadium18_kqxbrc.jpg
Which team plays in this stadium?;Juventus;Besiktas;Juventus;.;.;.;.;Medium;Find The Stadium;TRUE;stadium19_wqwkvr;https://res.cloudinary.com/dlmdnbstg/image/upload/v1724688022/Questions/Find%20The%20Stadium/stadium19_wqwkvr.jpg
Which team plays in this stadium?;Bordeaux;Marseille;Marseille;.;.;.;.;Medium;Find The Stadium;TRUE;stadium20_r7rkoi;https://res.cloudinary.com/dlmdnbstg/image/upload/v1724688022/Questions/Find%20The%20Stadium/stadium20_r7rkoi.webp
Which team plays in this stadium?;Monaco;Red Star;Monaco;.;.;.;.;Medium;Find The Stadium;TRUE;stadium21_rpmzsd;https://res.cloudinary.com/dlmdnbstg/image/upload/v1724687989/Questions/Find%20The%20Stadium/stadium21_rpmzsd.png
Which team plays in this stadium?;Old Trafford;Nottingham;Nottingham;.;.;.;.;Medium;Find The Stadium;TRUE;stadium22_dwlrfz;https://res.cloudinary.com/dlmdnbstg/image/upload/v1724687988/Questions/Find%20The%20Stadium/stadium22_dwlrfz.png
Which team plays in this stadium?;Partizan;PAOK;Partizan;.;.;.;.;Medium;Find The Stadium;TRUE;stadium23_xmytkc;https://res.cloudinary.com/dlmdnbstg/image/upload/v1724687985/Questions/Find%20The%20Stadium/stadium23_xmytkc.webp
Which team plays in this stadium?;Feyenoord;PSV;PSV;.;.;.;.;Medium;Find The Stadium;TRUE;stadium24_qeasyx;https://res.cloudinary.com/dlmdnbstg/image/upload/v1724687988/Questions/Find%20The%20Stadium/stadium24_qeasyx.jpg
Which team plays in this stadium?;Rangers;Chelsea;Rangers;.;.;.;.;Medium;Find The Stadium;TRUE;stadium25_agwlzp;https://res.cloudinary.com/dlmdnbstg/image/upload/v1724688440/Questions/Find%20The%20Stadium/stadium25_agwlzp.png
Which team plays in this stadium?;Rapid Wien;Real Betis;Real Betis;.;.;.;.;Medium;Find The Stadium;TRUE;stadium26_casa9s;https://res.cloudinary.com/dlmdnbstg/image/upload/v1724687989/Questions/Find%20The%20Stadium/stadium26_casa9s.png
Which team plays in this stadium?;Real Sociedad;Deportivo Alaves;Real Sociedad;.;.;.;.;Medium;Find The Stadium;TRUE;stadium27_qs1h2m;https://res.cloudinary.com/dlmdnbstg/image/upload/v1724687990/Questions/Find%20The%20Stadium/stadium27_qs1h2m.png
Which team plays in this stadium?;Salzburg ;Leipzig;Leipzig;.;.;.;.;Medium;Find The Stadium;TRUE;stadium28_qxajbn;https://res.cloudinary.com/dlmdnbstg/image/upload/v1724687989/Questions/Find%20The%20Stadium/stadium28_qxajbn.jpg
Which team plays in this stadium?;Red Star;Red Star;Red Star;.;.;.;.;Medium;Find The Stadium;TRUE;stadium29_gh4trp;https://res.cloudinary.com/dlmdnbstg/image/upload/v1724688042/Questions/Find%20The%20Stadium/stadium29_gh4trp.png
Which team plays in this stadium?;Red Star;River Plate;River Plate;.;.;.;.;Medium;Find The Stadium;TRUE;stadium30_tsdxbk;https://res.cloudinary.com/dlmdnbstg/image/upload/v1724687989/Questions/Find%20The%20Stadium/stadium30_tsdxbk.webp
Which team plays in this stadium?;Sasssuolo;Atalanta;Sasssuolo;.;.;.;.;Medium;Find The Stadium;TRUE;stadium31_n9d0be;https://res.cloudinary.com/dlmdnbstg/image/upload/v1724687989/Questions/Find%20The%20Stadium/stadium31_n9d0be.jpg
Which team plays in this stadium?;Almeria;Sevilla;Sevilla;.;.;.;.;Medium;Find The Stadium;TRUE;stadium32_nkw0yv;https://res.cloudinary.com/dlmdnbstg/image/upload/v1724688033/Questions/Find%20The%20Stadium/stadium32_nkw0yv.png
Which team plays in this stadium?;Tottenham;West Ham;Tottenham;.;.;.;.;Medium;Find The Stadium;TRUE;stadium33_iorn0z;https://res.cloudinary.com/dlmdnbstg/image/upload/v1724687990/Questions/Find%20The%20Stadium/stadium33_iorn0z.jpg
Guess the manager;;Adre Vilas Boas;Adre Vilas Boas;.;.;.;.;Medium;Manager id;TRUE;manager1_bdl8fy;https://res.cloudinary.com/dlmdnbstg/image/upload/v1724691054/Questions/Manager%20Id/manager1_bdl8fy.png
Guess the manager;Ange Postecoglou;;Ange Postecoglou;.;.;.;.;Medium;Manager id;TRUE;manager2_jgyzst;https://res.cloudinary.com/dlmdnbstg/image/upload/v1724691055/Questions/Manager%20Id/manager2_jgyzst.png
Guess the manager;;Antonio Conte;Antonio Conte;.;.;.;.;Medium;Manager id;TRUE;manager3_qbtono;https://res.cloudinary.com/dlmdnbstg/image/upload/v1724691055/Questions/Manager%20Id/manager3_qbtono.png
Guess the manager;Babis Tennes;;Babis Tennes;.;.;.;.;Medium;Manager id;TRUE;manager4_vviccn;https://res.cloudinary.com/dlmdnbstg/image/upload/v1724691056/Questions/Manager%20Id/manager4_vviccn.png
Guess the manager;;Carlo Ancelotti;Carlo Ancelotti;.;.;.;.;Medium;Manager id;TRUE;manager5_ysibgb;https://res.cloudinary.com/dlmdnbstg/image/upload/v1724691057/Questions/Manager%20Id/manager5_ysibgb.png
Guess the manager;Claudio Ranieri;;Claudio Ranieri;.;.;.;.;Medium;Manager id;TRUE;manager6_m737ee;https://res.cloudinary.com/dlmdnbstg/image/upload/v1724691057/Questions/Manager%20Id/manager6_m737ee.png
Guess the manager;;David Moyes;David Moyes;.;.;.;.;Medium;Manager id;TRUE;manager7_dwntgs;https://res.cloudinary.com/dlmdnbstg/image/upload/v1724691058/Questions/Manager%20Id/manager7_dwntgs.png
Guess the manager;Fabio Capello;;Fabio Capello;.;.;.;.;Medium;Manager id;TRUE;manager8_xkmdsx;https://res.cloudinary.com/dlmdnbstg/image/upload/v1724691059/Questions/Manager%20Id/manager8_xkmdsx.png
Guess the manager;;Fernando Santos;Fernando Santos;.;.;.;.;Medium;Manager id;TRUE;manager9_ufpjz6;https://res.cloudinary.com/dlmdnbstg/image/upload/v1724691059/Questions/Manager%20Id/manager9_ufpjz6.png
Guess the manager;Gennaro Gattuso;;Gennaro Gattuso;.;.;.;.;Medium;Manager id;TRUE;manager10_oghynb;https://res.cloudinary.com/dlmdnbstg/image/upload/v1724691060/Questions/Manager%20Id/manager10_oghynb.png
Guess the manager;;Jorge Jesus;Jorge Jesus;.;.;.;.;Medium;Manager id;TRUE;manager11_x5lahb;https://res.cloudinary.com/dlmdnbstg/image/upload/v1724691061/Questions/Manager%20Id/manager11_x5lahb.png
Guess the manager;Jose Luis Mendilibar;;Jose Luis Mendilibar;.;.;.;.;Medium;Manager id;TRUE;manager12_yefgu4;https://res.cloudinary.com/dlmdnbstg/image/upload/v1724691061/Questions/Manager%20Id/manager12_yefgu4.png
Guess the manager;;Jose Mourinho;Jose Mourinho;.;.;.;.;Medium;Manager id;TRUE;manager13_m8kqsy;https://res.cloudinary.com/dlmdnbstg/image/upload/v1724691062/Questions/Manager%20Id/manager13_m8kqsy.png
Guess the manager;Jupp Heynckes;;Jupp Heynckes;.;.;.;.;Medium;Manager id;TRUE;manager14_cfsszu;https://res.cloudinary.com/dlmdnbstg/image/upload/v1724691062/Questions/Manager%20Id/manager14_cfsszu.png
Guess the manager;;Kenny Dalglish;Kenny Dalglish;.;.;.;.;Medium;Manager id;TRUE;manager15_sp7xgr;https://res.cloudinary.com/dlmdnbstg/image/upload/v1724691064/Questions/Manager%20Id/manager15_sp7xgr.png
Guess the manager;Kompany;;Kompany;.;.;.;.;Medium;Manager id;TRUE;manager16_k3v2jd;https://res.cloudinary.com/dlmdnbstg/image/upload/v1724691064/Questions/Manager%20Id/manager16_k3v2jd.png
Guess the manager;;Takis Lemonis;Takis Lemonis;.;.;.;.;Medium;Manager id;TRUE;manager17_gqzyum;https://res.cloudinary.com/dlmdnbstg/image/upload/v1724691064/Questions/Manager%20Id/manager17_gqzyum.png
Guess the manager;Luciano Spalletti;;Luciano Spalletti;.;.;.;.;Medium;Manager id;TRUE;manager18_yxqotk;https://res.cloudinary.com/dlmdnbstg/image/upload/v1724691065/Questions/Manager%20Id/manager18_yxqotk.png
Guess the manager;;Luis Enrique;Luis Enrique;.;.;.;.;Medium;Manager id;TRUE;manager19_ugykl2;https://res.cloudinary.com/dlmdnbstg/image/upload/v1724691067/Questions/Manager%20Id/manager19_ugykl2.png
Guess the manager;Manuel Pellegrini;;Manuel Pellegrini;.;.;.;.;Medium;Manager id;TRUE;manager20_rafd7w;https://res.cloudinary.com/dlmdnbstg/image/upload/v1724691048/Questions/Manager%20Id/manager20_rafd7w.png
Guess the manager;;Marcelo Bielsa;Marcelo Bielsa;.;.;.;.;Medium;Manager id;TRUE;manager21_aabovk;https://res.cloudinary.com/dlmdnbstg/image/upload/v1724691048/Questions/Manager%20Id/manager21_aabovk.png
Guess the manager;Massimiliano Allegri;;Massimiliano Allegri;.;.;.;.;Medium;Manager id;TRUE;manager22_stf95z;https://res.cloudinary.com/dlmdnbstg/image/upload/v1724691048/Questions/Manager%20Id/manager22_stf95z.png
Guess the manager;;Mauricio Pochettino;Mauricio Pochettino;.;.;.;.;Medium;Manager id;TRUE;manager23_hlkvix;https://res.cloudinary.com/dlmdnbstg/image/upload/v1724691048/Questions/Manager%20Id/manager23_hlkvix.png
Guess the manager;Michel;;Michel;.;.;.;.;Medium;Manager id;TRUE;manager24_rxjxcj;https://res.cloudinary.com/dlmdnbstg/image/upload/v1724691048/Questions/Manager%20Id/manager24_rxjxcj.png
Guess the manager;;Mircea Lucescu;Mircea Lucescu;.;.;.;.;Medium;Manager id;TRUE;manager25_ixrcid;https://res.cloudinary.com/dlmdnbstg/image/upload/v1724691048/Questions/Manager%20Id/manager25_ixrcid.png
Guess the manager;Otto Rehhagel;;Otto Rehhagel;.;.;.;.;Medium;Manager id;TRUE;manager26_lrxi8v;https://res.cloudinary.com/dlmdnbstg/image/upload/v1724691048/Questions/Manager%20Id/manager26_lrxi8v.png
Guess the manager;;Rafael Benitez;Rafael Benitez;.;.;.;.;Medium;Manager id;TRUE;manager27_c0begs;https://res.cloudinary.com/dlmdnbstg/image/upload/v1724691050/Questions/Manager%20Id/manager27_c0begs.png
Guess the manager;Roberto De Zebri;;Roberto De Zebri;.;.;.;.;Medium;Manager id;TRUE;manager28_w4zyev;https://res.cloudinary.com/dlmdnbstg/image/upload/v1724691050/Questions/Manager%20Id/manager28_w4zyev.png
Guess the manager;;Roberto Mancini;Roberto Mancini;.;.;.;.;Medium;Manager id;TRUE;manager29_pu2dpd;https://res.cloudinary.com/dlmdnbstg/image/upload/v1724691050/Questions/Manager%20Id/manager29_pu2dpd.png
Guess the manager;Ronald Koeman;;Ronald Koeman;.;.;.;.;Medium;Manager id;TRUE;manager30_b808t4;https://res.cloudinary.com/dlmdnbstg/image/upload/v1724691050/Questions/Manager%20Id/manager30_b808t4.png
Guess the manager;;Sarri;Sarri;.;.;.;.;Medium;Manager id;TRUE;manager31_lpxwq9;https://res.cloudinary.com/dlmdnbstg/image/upload/v1724691051/Questions/Manager%20Id/manager31_lpxwq9.png
Guess the manager;Thiago Motta;;Thiago Motta;.;.;.;.;Medium;Manager id;TRUE;manager32_bz8mzh;https://res.cloudinary.com/dlmdnbstg/image/upload/v1724691052/Questions/Manager%20Id/manager32_bz8mzh.png
Guess the manager;;Unai Emery;Unai Emery;.;.;.;.;Medium;Manager id;TRUE;manager33_zjiwiv;https://res.cloudinary.com/dlmdnbstg/image/upload/v1724691053/Questions/Manager%20Id/manager33_zjiwiv.png
Guess the manager;Van Gaal;;Van Gaal;.;.;.;.;Medium;Manager id;TRUE;manager34_qhb2oh;https://res.cloudinary.com/dlmdnbstg/image/upload/v1724691053/Questions/Manager%20Id/manager34_qhb2oh.png
Guess the manager;;Vicenzo Italiano;Vicenzo Italiano;.;.;.;.;Medium;Manager id;TRUE;manager35_en0zmu;https://res.cloudinary.com/dlmdnbstg/image/upload/v1724691053/Questions/Manager%20Id/manager35_en0zmu.png
Guess the player;Andy Carroll;;Andy Carroll;.;.;.;.;Medium;Player id;TRUE;player1_pvzn9p;https://res.cloudinary.com/dlmdnbstg/image/upload/v1724692782/Questions/Player%20Id/player1_pvzn9p.png
Guess the player;;Artem Dovbyk;Artem Dovbyk;.;.;.;.;Medium;Player id;TRUE;player2_ryrkvf;https://res.cloudinary.com/dlmdnbstg/image/upload/v1724692785/Questions/Player%20Id/player2_ryrkvf.png
Guess the player;Cesc Fabragas;;Cesc Fabragas;.;.;.;.;Medium;Player id;TRUE;player3_cpzstv;https://res.cloudinary.com/dlmdnbstg/image/upload/v1724692786/Questions/Player%20Id/player3_cpzstv.png
Guess the player;;Claudio Bravo;Claudio Bravo;.;.;.;.;Medium;Player id;TRUE;player4_suxwpw;https://res.cloudinary.com/dlmdnbstg/image/upload/v1724692747/Questions/Player%20Id/player4_suxwpw.png
Guess the player;Daley Blind;;Daley Blind;.;.;.;.;Medium;Player id;TRUE;player5_wytpj7;https://res.cloudinary.com/dlmdnbstg/image/upload/v1724692747/Questions/Player%20Id/player5_wytpj7.png
Guess the player;;David Luiz;David Luiz;.;.;.;.;Medium;Player id;TRUE;player6_cjaxvj;https://res.cloudinary.com/dlmdnbstg/image/upload/v1724692747/Questions/Player%20Id/player6_cjaxvj.png
Guess the player;Diego Costa;;Diego Costa;.;.;.;.;Medium;Player id;TRUE;player7_m8p5xs;https://res.cloudinary.com/dlmdnbstg/image/upload/v1724692747/Questions/Player%20Id/player7_m8p5xs.png
Guess the player;;Edin Dzeko;Edin Dzeko;.;.;.;.;Medium;Player id;TRUE;player8_ely8qd;https://res.cloudinary.com/dlmdnbstg/image/upload/v1724692748/Questions/Player%20Id/player8_ely8qd.png
Guess the player;Emmanuel Adebayor;;Emmanuel Adebayor;.;.;.;.;Medium;Player id;TRUE;player9_vn23vm;https://res.cloudinary.com/dlmdnbstg/image/upload/v1724692749/Questions/Player%20Id/player9_vn23vm.png
Guess the player;;Emre Can;Emre Can;.;.;.;.;Medium;Player id;TRUE;player10_ya1alh;https://res.cloudinary.com/dlmdnbstg/image/upload/v1724692749/Questions/Player%20Id/player10_ya1alh.png
Guess the player;Erik Lamela;;Erik Lamela;.;.;.;.;Medium;Player id;TRUE;player11_rarfee;https://res.cloudinary.com/dlmdnbstg/image/upload/v1724692750/Questions/Player%20Id/player11_rarfee.png
Guess the player;;Fabio Coentrao;Fabio Coentrao;.;.;.;.;Medium;Player id;TRUE;player12_kocxmb;https://res.cloudinary.com/dlmdnbstg/image/upload/v1724692751/Questions/Player%20Id/player12_kocxmb.png
Guess the player;Francois Modesto;;Francois Modesto;.;.;.;.;Medium;Player id;TRUE;player13_n67fq5;https://res.cloudinary.com/dlmdnbstg/image/upload/v1724692753/Questions/Player%20Id/player13_n67fq5.png
Guess the player;;David Fuster;David Fuster;.;.;.;.;Medium;Player id;TRUE;player14_xzdsi3;https://res.cloudinary.com/dlmdnbstg/image/upload/v1724692752/Questions/Player%20Id/player14_xzdsi3.png
Guess the player;Hakan Calhanoglu;;Hakan Calhanoglu;.;.;.;.;Medium;Player id;TRUE;player15_kbrgqd;https://res.cloudinary.com/dlmdnbstg/image/upload/v1724692754/Questions/Player%20Id/player15_kbrgqd.png
Guess the player;;Hector Bellerin;Hector Bellerin;.;.;.;.;Medium;Player id;TRUE;player16_uisc2u;https://res.cloudinary.com/dlmdnbstg/image/upload/v1724692754/Questions/Player%20Id/player16_uisc2u.png
Guess the player;Kingsley Coman;;Kingsley Coman;.;.;.;.;Medium;Player id;TRUE;player17_s2ng3f;https://res.cloudinary.com/dlmdnbstg/image/upload/v1724692756/Questions/Player%20Id/player17_s2ng3f.png
Guess the player;;Leonardo Bonucci;Leonardo Bonucci;.;.;.;.;Medium;Player id;TRUE;player18_u8gudh;https://res.cloudinary.com/dlmdnbstg/image/upload/v1724692757/Questions/Player%20Id/player18_u8gudh.png
Guess the player;Lucas Hernandez;;Lucas Hernandez;.;.;.;.;Medium;Player id;TRUE;player19_vhpsjh;https://res.cloudinary.com/dlmdnbstg/image/upload/v1724692758/Questions/Player%20Id/player19_vhpsjh.png
Guess the player;;Kucas Moura;Kucas Moura;.;.;.;.;Medium;Player id;TRUE;player20_up8r3y;https://res.cloudinary.com/dlmdnbstg/image/upload/v1724692760/Questions/Player%20Id/player20_up8r3y.png
Guess the player;Lucas Paqueta;;Lucas Paqueta;.;.;.;.;Medium;Player id;TRUE;player21_kkrkmt;https://res.cloudinary.com/dlmdnbstg/image/upload/v1724692761/Questions/Player%20Id/player21_kkrkmt.png
Guess the player;;Lukasz Fabianski;Lukasz Fabianski;.;.;.;.;Medium;Player id;TRUE;player22_yeubtt;https://res.cloudinary.com/dlmdnbstg/image/upload/v1724692762/Questions/Player%20Id/player22_yeubtt.png
Guess the player;Marc Bartra;;Marc Bartra;.;.;.;.;Medium;Player id;TRUE;player23_zz8fzq;https://res.cloudinary.com/dlmdnbstg/image/upload/v1724692764/Questions/Player%20Id/player23_zz8fzq.png
Guess the player;;Marco Asensio;Marco Asensio;.;.;.;.;Medium;Player id;TRUE;player24_uewlbp;https://res.cloudinary.com/dlmdnbstg/image/upload/v1724692766/Questions/Player%20Id/player24_uewlbp.png
Guess the player;Mateo Kovacic;;Mateo Kovacic;.;.;.;.;Medium;Player id;TRUE;player25_wirjzb;https://res.cloudinary.com/dlmdnbstg/image/upload/v1724692767/Questions/Player%20Id/player25_wirjzb.png
Guess the player;;Matt Derbyshire;Matt Derbyshire;.;.;.;.;Medium;Player id;TRUE;player26_wu9tp5;https://res.cloudinary.com/dlmdnbstg/image/upload/v1724692768/Questions/Player%20Id/player26_wu9tp5.png
Guess the player;Mauro Icardi;;Mauro Icardi;.;.;.;.;Medium;Player id;TRUE;player27_l6cc2p;https://res.cloudinary.com/dlmdnbstg/image/upload/v1724692770/Questions/Player%20Id/player27_l6cc2p.png
Guess the player;;Michael Essien;Michael Essien;.;.;.;.;Medium;Player id;TRUE;player28_p7dusl;https://res.cloudinary.com/dlmdnbstg/image/upload/v1724692771/Questions/Player%20Id/player28_p7dusl.png
Guess the player;Nabil Fekir;;Nabil Fekir;.;.;.;.;Medium;Player id;TRUE;player29_oowhbr;https://res.cloudinary.com/dlmdnbstg/image/upload/v1724692777/Questions/Player%20Id/player29_oowhbr.png
Guess the player;;Nasri;Nasri;.;.;.;.;Medium;Player id;TRUE;player30_jmdyxm;https://res.cloudinary.com/dlmdnbstg/image/upload/v1724692777/Questions/Player%20Id/player30_jmdyxm.png
Guess the player;Pep Guardiola;;Pep Guardiola;.;.;.;.;Medium;Player id;TRUE;player31_z6etan;https://res.cloudinary.com/dlmdnbstg/image/upload/v1724692778/Questions/Player%20Id/player31_z6etan.png
Guess the player;;Ramires;Ramires;.;.;.;.;Medium;Player id;TRUE;player32_ppl9ui;https://res.cloudinary.com/dlmdnbstg/image/upload/v1724692780/Questions/Player%20Id/player32_ppl9ui.png
Guess the player;Sebastien Haller;;Sebastien Haller;.;.;.;.;Medium;Player id;TRUE;player33_ph1133;https://res.cloudinary.com/dlmdnbstg/image/upload/v1724692781/Questions/Player%20Id/player33_ph1133.png
Guess the player;;Sidney Govou;Sidney Govou;.;.;.;.;Medium;Player id;TRUE;player34_yxdtjw;https://res.cloudinary.com/dlmdnbstg/image/upload/v1724692781/Questions/Player%20Id/player34_yxdtjw.png
How many Super League titles has Aris won?;3;2;3;.;.;.;.;Easy;History;TRUE;;
How many Super League titles has Pao won?;21;20;20;.;.;.;.;Easy;History;TRUE;;
When was the first time Greece participated in World Cup?(ex. 2023-2024);1993-1994;1989-1990;1993-1994;.;.;.;.;Easy;History;TRUE;;
When did Panathinaikos played against Ajax in Champions League/Champion Clubs' Cup final?(ex. 2023-2024);1969-1970;1970-1971;1970-1971;.;.;.;.;Easy;History;TRUE;;
How many goals did the Greek national team score in its first World Cup appearance?;0;1;0;.;.;.;.;Easy;History;TRUE;;
Which country has the most World Cup titles?;Germany;Brazil;Brazil;.;.;.;.;Easy;History;TRUE;;
What was the most expensive transfer of a Greek football player?;Panagiotis Retsos;Konstantinos Mitroglou;Panagiotis Retsos;.;.;.;.;Easy;History;TRUE;;
Which is the only African national team that has reached the semifinals of the World Cup?;Algeria;Morocco;Morocco;.;.;.;.;Easy;History;TRUE;;
How many titles has PAOK won (both the Greek Super League and the Greek Cup)?;12;11;12;.;.;.;.;Easy;History;TRUE;;
How many Greek Cup titles has Olympiacos won?;27;29;29;.;.;.;.;Easy;History;TRUE;;
When was Iraklis found?;1910;1908;1908;.;.;.;.;Medium;History;TRUE;;
When did Champion Clubs' Cup renamed to Champions League?;1992;1990;1992;.;.;.;.;Medium;History;TRUE;;
How many pentalties were taken in Greek Cup Final Between AEK and Olympiacos in 08/09?;36;34;34;.;.;.;.;Medium;History;TRUE;;
How many teams has won a Greek Super League title?;6;5;6;.;.;.;.;Medium;History;TRUE;;
Who is the player with the most goals in Greek Super League?;Krzysztof Warzycha;Thomas Mavros;Thomas Mavros;.;.;.;.;Medium;History;TRUE;;
When was the European Cup (Champions Cup) held for the first time?;1955-1956;1956-1957;1955-1956;.;.;.;.;Medium;History;TRUE;;
Which team won the first European Cup (Champions Cup) that was held?;Stade de Reims;Real Madrid;Real Madrid;.;.;.;.;Medium;History;TRUE;;
Which country's teams have won the most European titles (Champions League, Europa League, and Conference League)?;Spain;Italy;Spain;.;.;.;.;Medium;History;TRUE;;
Who is the player with the most goals in World Cup?;Klose;Ronaldo;Klose;.;.;.;.;Medium;History;TRUE;;
Which team was founded first in England?;Hallam;Sheffield;Sheffield;.;.;.;.;Medium;History;TRUE;;
Which team has the most losses in Champions League/Champions Cup final?;Juventus;Bayern Munich;Juventus;.;.;.;.;Medium;History;TRUE;;
Which is the only Asian national team that has reached the semifinals of the World Cup?;Japan;South Korea;South Korea;.;.;.;.;Medium;History;TRUE;;
When Larisa won the Super League title?(ex. 2023-2024);1987-1988;1988-1989;1987-1988;.;.;.;.;Hard;History;TRUE;;
How many Doubles has Panathinaikos won?;7;8;8;.;.;.;.;Hard;History;TRUE;;
When was Panserraikos  found?;1964;1963;1964 ;.;.;.;.;Hard;History;TRUE;;
Which team, apart from those from Thessaloniki and Athens, has the most appearances in the Super League?;Panserraikos;OFI;OFI;.;.;.;.;Hard;History;TRUE;;
Which team won the first Champions League after it was renamed from the European Cup?;Marseille;Milan;Marseille;.;.;.;.;Hard;History;TRUE;;
Which country won the first World Cup that was held?;Argentina;Uruguay;Uruguay;.;.;.;.;Hard;History;TRUE;;
How many national teams has won World Cup, while hosting it?;6;5;6;.;.;.;.;Hard;History;TRUE;;
Which team won the first Europa League after it was renamed from the UEFA Cup?;Porto;Atletico Madrid;Atletico Madrid;.;.;.;.;Hard;History;TRUE;;
Which team has won the most Copa Libertadores titles?;Independiente;Boca Juniors;Independiente;.;.;.;.;Hard;History;TRUE;;
Teams from how many different countries have won the Champions League?;9;10;10;.;.;.;.;Hard;History;TRUE;;
How many pentalties were missed in Greek Cup Final Between AEK and Olympiacos in 08/09?;5;7;5;.;.;.;.;Hard;History;TRUE;;
Where is Levi Garcia from?;Martinique;Trinidad and Tobago;Trinidad and Tobago;.;.;.;.;Easy;Geography;TRUE;;
Where is Stadio Olimpico located?;Italy;Germany;Italy;.;.;.;.;Easy;Geography;TRUE;;
In which country's championship does the team Guimaraes participate?;Brazil;Portugal;Portugal;.;.;.;.;Easy;Geography;TRUE;;
In which country's championship does the team Independiente participate?;Argentina;Uruguay;Argentina;.;.;.;.;Easy;Geography;TRUE;;
What is the stadium of Valencia?;Sanchez Pizjuan;Mestalla;Mestalla;.;.;.;.;Easy;Geography;TRUE;;
In which country was the last team that Higuaín played for?;USA;Argentina;USA;.;.;.;.;Easy;Geography;TRUE;;
Where was 2010 World Cup located?;South Korea;South Arica;South Africa;.;.;.;.;Easy;Geography;TRUE;;
In which country's championship does the team Nordsjaelland participate?;Denmark;Sweden;Denmark;.;.;.;.;Easy;Geography;TRUE;;
What is Benzema's second nationality?;Tunisian;Algerian;Algerian;.;.;.;.;Easy;Geography;TRUE;;
In which city does the team Real Betis play?;Sevilla;Malaga;Sevilla;.;.;.;.;Easy;Geography;TRUE;;
What is Khedira's second nationality?;Moroccan;Tunisian;Tunisian;.;.;.;.;Medium;Geography;TRUE;;
Where is Allianz Stadium located?;Italy;Germany;Italy;.;.;.;.;Medium;Geography;TRUE;;
What is Podolski's second nationality?;Russian;Polish;Polish;.;.;.;.;Medium;Geography;TRUE;;
In how many different countries has Kostas Mitroglou played?;7;6;7;.;.;.;.;Medium;Geography;TRUE;;
In how many different countries has Teofanis Gekas played?;5;6;6;.;.;.;.;Medium;Geography;TRUE;;
Which country held 2006 World Cup?;Germany;South Korea;Germany;.;.;.;.;Medium;Geography;TRUE;;
In which country's championship does the team Go Ahead Eagle participate?;England;Netherlands;Netherlands;.;.;.;.;Medium;Geography;TRUE;;
Where is Stadio Molineux Stadium located?;England;France;England;.;.;.;.;Medium;Geography;TRUE;;
In which country does the Derby della Capitale take place?;Spain;Italy;Italy;.;.;.;.;Medium;Geography;TRUE;;
What is Gonzalo Higuaín's second nationality?;French;Italian;French;.;.;.;.;Medium;Geography;TRUE;;
In which city did the first Champions League final take place?;London;Paris;Paris;.;.;.;.;Hard;Geography;TRUE;;
Where was held the first World Cup in 1930?;Uruguay;Italy;Uruguay;.;.;.;.;Hard;Geography;TRUE;;
In which country is the stadium with the largest capacity located?;Australia;North Korea;North Korea;.;.;.;.;Hard;Geography;TRUE;;
Where was the first World Cup held, that Greece took place?;USA;France;USA;.;.;.;.;Hard;Geography;TRUE;;
What is Kylian Mbappé's second nationality?;Nigeria;Cameroon;Cameroon;.;.;.;.;Hard;Geography;TRUE;;
In which city Erling Haaland was born?;Leeds;Manchester;Leeds;.;.;.;.;Hard;Geography;TRUE;;
Where is Stadio Riazor located?;Colombia;Spain;Spain;.;.;.;.;Hard;Geography;TRUE;;
Where is Stadium of Light located?;England;USA;England;.;.;.;.;Hard;Geography;TRUE;;
In which country's championship does the team Huracan participate?;Colombia;Argentina;Argentina;.;.;.;.;Hard;Geography;TRUE;;
In which country's championship does the team Palestino participate?;Chile;Uruguay;Chile;.;.;.;.;Hard;Geography;TRUE;;
What team does Dua Lipa support?;Manchester United;Liverpool;Liverpool;.;.;.;.;Medium;Gossip;TRUE;;
What team does Ed Sheeran support?;Ipswich;Stoke;Ipswich;.;.;.;.;Medium;Gossip;TRUE;;
What team does Prince William support?;West Ham;Aston Villa;Aston Villa;.;.;.;.;Medium;Gossip;TRUE;;
What team did queen Elizabeth support?;Arsenal;Tottenham;Arsenal;.;.;.;.;Medium;Gossip;TRUE;;
Which player said that he smokes and drinks 3 red bull per day?;Balotelli;Jamie Vardy;Jamie Vardy;.;.;.;.;Medium;Gossip;TRUE;;
Which stricker was banned for betting on hisself?;Ivan Toney;Jamie Vardy;Ivan Toney;.;.;.;.;Medium;Gossip;TRUE;;
To whom did Luis Suarez refuse to shake hands before the start of the Liverpool vs. Manchester United match?;Rio Ferdinand;Patrice Evra;Patrice Evra;.;.;.;.;Medium;Gossip;TRUE;;
Which footballer has appeared the most times on the cover of FIFA?;Wayne Rooney;Lionel Messi;Wayne Rooney;.;.;.;.;Medium;Gossip;TRUE;;
Which footballer has appeared the most times on the cover of PES?;Cristiano Ronaldo;Lionel Messi;Lionel Messi;.;.;.;.;Medium;Gossip;TRUE;;
Which footballer had an issue with the police in Mykonos and tried to escape?;Harry Maguire;Jack Grealish;Harry Maguire;.;.;.;.;Medium;Gossip;TRUE;;
Which Belgian footballer had sex with Kevin De Bruyne's wife?;Romelu Lukaku;Thibaut Courtois;Thibaut Courtois;.;.;.;.;Medium;Gossip;TRUE;;
Which player is rumored to be using baby oil to slip away from opponents?;Adama Traoré;Neymar;Adama Traoré;.;.;.;.;Medium;Gossip;TRUE;;
Which footballer married his wife’s niece?;Hulk ;Neymar;Hulk ;.;.;.;.;Medium;Gossip;TRUE;;
Which footballer is rumored to get injured every year during a specific month to attend his sister's birthday?;Balotelli;Neymar;Neymar;.;.;.;.;Medium;Gossip;TRUE;;
Which player is rumored to come to Greece every Friday to party?;Ronaldinho;Neymar;Ronaldinho;.;.;.;.;Medium;Gossip;TRUE;;
Which famous player was rumored to have paid a witch doctor to curse a rival player ahead of a crucial game?;Kylian Mbappe;Paul Pogba;Paul Pogba;.;.;.;.;Medium;Gossip;TRUE;;
Which footballer was afraid of airplanes and never traveled by them, causing him to miss many away games?;Dennis Bergkamp;Paolo Guerrero;Dennis Bergkamp;.;.;.;.;Medium;Gossip;TRUE;;
Which coach’s daughter was rumored to have flirted with a player from the team her father manages during the team's celebrations after winning the league title?;Carlo Ancelotti;Pep Guardiola;Pep Guardiola;.;.;.;.;Medium;Gossip;TRUE;;
Which player’s son has Diego Maradona as his grandfather and Lionel Messi as his great-grandfather?;Sergio Aguero;Di Maria;Sergio Aguero;.;.;.;.;Medium;Gossip;TRUE;;
Which footballer kicked a ballboy because he did not give him the ball?;Balotelli;Eden Hazard;Eden Hazard;.;.;.;.;Medium;Gossip;TRUE;;
Which football team does Giannis Antetokounmpo have a stake in?;Nashville;Orlando City;Nashville;.;.;.;.;Medium;Gossip;TRUE;;
Who has won more Ballon d'Or trophies, Lionel Messi or Cristiano Ronaldo?;.;.;Lionel Messi;.;.;.;.;Easy;Higher Lower;TRUE;;
Which team has won more Premier League titles, Chelsea or Manchester City?;.;.;Manchester City;.;.;.;.;Easy;Higher Lower;TRUE;;
Which team has won more UEFA Europa League/UEFA Cup titles, Liverpool or Tottenham?;.;.;Liverpool;.;.;.;.;Easy;Higher Lower;TRUE;;
Who has scored more goals in his career, Rafik Djebbour or Youssef El Arabi?;.;.;Rafik Djebbour;.;.;.;.;Easy;Higher Lower;TRUE;;
Who has scored more goals in his career, Leonardo Bonucci or Giorgio Chiellini?;.;.;Leonardo Bonucci;.;.;.;.;Easy;Higher Lower;TRUE;;
Who has scored more goals in his career, Roberto Carlos or Dani Alves?;.;.;Roberto Carlos;.;.;.;.;Easy;Higher Lower;TRUE;;
Who has scored more goal in Champions League, Lionel Messi or Cristiano Ronaldo?;.;.;Cristiano Ronaldo;.;.;.;.;Easy;Higher Lower;TRUE;;
Which team has won more Premier League titles, Sheffield Wednesday or Blackburn Rovers?;.;.;Sheffield Wednesday;.;.;.;.;Easy;Higher Lower;TRUE;;
Which team has won more Premier League titles, Sunderland or Aston Villa?;.;.;Aston Villa;.;.;.;.;Easy;Higher Lower;TRUE;;
Which team has more appearances in Greek Super League, Asteras Tripolis or Panetolikos?;.;.;Asteras Tripolis;.;.;.;.;Easy;Higher Lower;TRUE;;
Who has the most clean sheet in his career, Petr Cech or Edwin van der Sar?;.;.;Edwin van der Sar;.;.;.;.;Easy;Higher Lower;TRUE;;
Who has more assists in his career, Mesut Ozil or Ryan Giggs?;.;.;Mesut Ozil;.;.;.;.;Easy;Higher Lower;TRUE;;
Who has more assists in his career, Luis Suarez or Thomas Muller?;.;.;Thomas Muller;.;.;.;.;Easy;Higher Lower;TRUE;;
Who has scored more goals in his career, Luis Suarez or Zlatan Ibrahimovic?;.;.;Luis Suarez;.;.;.;.;Easy;Higher Lower;TRUE;;
Which national team has lost more World Cup finals, Netherlands or Germany?;.;.;Germany;.;.;.;.;Easy;Higher Lower;TRUE;;
Which national team has lost more Champions League finals, Bayern Munich or Liverpool?;.;.;Liverpool;.;.;.;.;Easy;Higher Lower;TRUE;;
Who has scored more goals in World Cup, Thomas Muller or Kylian Mbappe?;.;.;Kylian Mbappe;.;.;.;.;Easy;Higher Lower;TRUE;;
Who has more appearances in World Cup, Miroslav Klose or Lionel Messi?;.;.;Lionel Messi;.;.;.;.;Easy;Higher Lower;TRUE;;
Who has scored more goals in EURO, Romelu Lukaku or Harry Kane?;.;.;Harry Kane;.;.;.;.;Easy;Higher Lower;TRUE;;
Who has more appearances in EURO, Harry Kane or Modric?;.;.;Harry Kane;.;.;.;.;Easy;Higher Lower;TRUE;;
Name the 5 most expensive transfers in Manchester City's history;.;.;Jack Grealish;Josko Gvardiol;Kevin De Bruyne;Rúben Dias;Rodri;Hard;Top5;TRUE;;
Name the top 5 scorers of Premier League 2022-2023;.;.;Erling Haaland;Harry Kane;Ivan Toney;Mohamed Salah;Callum Wilson;Hard;Top5;TRUE;;
Name the top 5 scorers of all time in Premier League;.;.;Alan Shearer;Harry Kane;Wayne Rooney;Andy Cole;Sergio Aguero;Hard;Top5;TRUE;;
Name the 5 most expensive transfers in Barcelona's history;.;.;Philippe Coutinho;Ousmane Dembele;Antoine Griezmann;Neymar;Frenkie de Jong;Hard;Top5;TRUE;;
Name the 5 most expensive transfers in Real Madrid's history;.;.;Eden Hazard;Jude Bellingham;Gareth Bale;Cristiano Ronaldo;Aurélien Tchouameni;Hard;Top5;TRUE;;
Name the 5 most expensive transfers in Juventus's history;.;.;Cristiano Ronaldo;Gonzalo Higuaín;Matthijs de Ligt;Dusan Vlahovic;Arthur Melo;Hard;Top5;TRUE;;
Name the 5 europeans with the most goals with their national team;.;.;Cristiano Ronaldo;Romelu Lukaku;Ferenc Puskas;Robert Lewandowski;Miroslav Klose;Hard;Top5;TRUE;;
Name the 5 player with the most assists in La Liga history;.;.;Lionel Messi;Xavi;Karim Benzema;Cristiano Ronaldo;Koke;Hard;Top5;TRUE;;
Name the 5 most expensive transfers in Olympiacos's history;.;.;Zlatko Zahovic;Giovanni;Diogo;Lajos Detari;Fernando Belluschi;Hard;Top5;TRUE;;
Name the 5 players with most clean sheets in football history;.;.;Gianluigi Buffon;Edwin van der Sar;Iker Casillas;Petr Cech;Pepe Reina;Hard;Top5;TRUE;;
Name the 5 european teams that spent the most money on transfers in the 2023-2024 season;.;.;Chelsea;Paris Saint-Germain;Tottenham;Manchester City;Arsenal;Hard;Top5;TRUE;;
Name the 5 spanish teams that spent the most money on transfers in the 2023-2024 season;.;.;Real Madrid;Atletico Madrid;Almeria;Barcelona;Real Betis;Hard;Top5;TRUE;;
Name the 5 italian teams that spent the most money on transfers in the 2023-2024 season;.;.;Napoli;Milan;Bologna;Atalanta;Inter;Hard;Top5;TRUE;;
Name the 5 european teams with the most income from transfers in the 2023-2024 season;.;.;Chelsea;Leipzig;Paris Saint-Germain;Brighton;Southampton;Hard;Top5;TRUE;;
Name the 5 most expensive sales in Tottenham's history;.;.;Gareth Bale;Harry Kane;Kyle Walker;Dimitar Berbatov;Luka Modric;Hard;Top5;TRUE;;
Name the 5 most expensive sales in Dortnund's history;.;.;Ousmane Dembele;Jude Bellingham;Jadon Sancho;Christian Pulisic;Pierre-Emerick Aubameyang;Hard;Top5;TRUE;;
Name the 5 most expensive sales in Napoli's history;.;.;Gonsalo Higuain;Edinson Cavani;Jorginho;Min-jae Kim;Kalidou Koulibaly;Hard;Top5;TRUE;;
Name the 5 teams that reached the Champions League Final the most;.;.;Real Madrid;Milan;Bayern Munich;Liverpool;Barcelona;Hard;Top5;TRUE;;
Name the 5 most expensive transfers in AEK's history;.;.;Orbelin Pineda;Robert Ljubicic;Aboubakary Koita;Ezequiel Ponce;Vasilios Tsiartas;Hard;Top5;TRUE;;
Name the 5 most expensive transfers in Paris Saint-Germain's history;.;.;Neymar;Kylian Mbappe;Kolo Muani;Achraf Hakimi;Goncalo Ramos;Hard;Top5;TRUE;;
Guess The Score and the scorers of 2019 Champions League final between Tottenham and Liverpool(Including extra time if, there was any, but no penalties)(ex.2-1,player1,player2,player3);.;.;0-2,Mohamed Salah,Divock Origi;.;.;.;.;Hard;Guess The Score;TRUE;;
Guess The Score and the scorers of 2008 Euro final between Germany and Spain(Including extra time if, there was any, but no penalties)(ex.2-1,player1,player2,player3);.;.;0-1,Fernando Torres;.;.;.;.;Hard;Guess The Score;TRUE;;
Guess The Score and the scorers of 2013 Greek Cup final between Asteras Tripolis and Olympiakos(Including extra time if, there was any, but no penalties)(ex.2-1,player1,player2,player3);.;.;1-3,Rayo,Divid Fuster,Rafik Djebbour,Abdoun;.;.;.;.;Hard;Guess The Score;TRUE;;
Guess The Score and the scorers of 2006 World Cup final between Italy and France(Including extra time if, there was any, but no penalties)(ex.2-1,player1,player2,player3);.;.;1-1,Marco Materazzi,Zinedine Zidane;.;.;.;.;Hard;Guess The Score;TRUE;;
Guess The Score and the scorers of 2012 Euro final between Spain and Italy(Including extra time if, there was any, but no penalties)(ex.2-1,player1,player2,player3);.;.;4-0,Jordi Alba,Fernando Torres,Juan Mata,David Silva;.;.;.;.;Hard;Guess The Score;TRUE;;
Guess The Score and the scorers of 2013 Champions League Semi-final 1st leg between Barcelona and Liverpool(ex.2-1,player1,player2,player3);.;.;3-0,Lionel Messi,Luis Suarez;.;.;.;.;Hard;Guess The Score;TRUE;;
Guess The Score and the scorers of 2013 Champions League final between Dortmund and Bayern Munich(Including extra time if, there was any, but no penalties)(ex.2-1,player1,player2,player3);.;.;1-2,Robben,Gundogan,Mandzukic;.;.;.;.;Hard;Guess The Score;TRUE;;
Guess The Score and the scorers of 2011 Champions League Semi-final 1st leg between Real Madrid and Barcelona(ex.2-1,player1,player2,player3);.;.;0-2,Lionel Messi;.;.;.;.;Hard;Guess The Score;TRUE;;
Guess The Score and the scorers of 2021 Champions League final between Man City and Chelsea(Including extra time if, there was any, but no penalties)(ex.2-1,player1,player2,player3);.;.;0-1,Kai Havertz;.;.;.;.;Hard;Guess The Score;TRUE;;
Guess The Score and the scorers of 2012 Champions League final between Bayern Munich and Chelsea(Including extra time if, there was any, but no penalties)(ex.2-1,player1,player2,player3);.;.;1-1,Thomas Muller,Drogba;.;.;.;.;Hard;Guess The Score;TRUE;;
Guess The Score and the scorers of 2022 World Cup final between Argentina and France(Including extra time if, there was any, but no penalties)(ex.2-1,player1,player2,player3);.;.;3-3,Lionel Messi,Di Maria,Kylian Mbappe;.;.;.;.;Hard;Guess The Score;TRUE;;
Guess The Score and the scorers of 2022 World Cup Quarter-final between Netherlands and Argentina(Including extra time if, there was any, but no penalties)(ex.2-1,player1,player2,player3);.;.;2-2,Lionel Messi,Molina,Weghorst,;.;.;.;.;Hard;Guess The Score;TRUE;;
Guess The Score and the scorers of 2016 Champions League final between Real Madrid and Atletico Madrid(Including extra time if, there was any, but no penalties)(ex.2-1,player1,player2,player3);.;.;1-1,Sergio Ramos,Carrasco;.;.;.;.;Hard;Guess The Score;TRUE;;
Guess The Score and the scorers of 2024 Euro Semi-final between Spain and France(Including extra time if, there was any, but no penalties)(ex.2-1,player1,player2,player3);.;.;2-1,Dani Olmo,Lamine Yamal,Kolo Muani;.;.;.;.;Hard;Guess The Score;TRUE;;
Guess The Score and the scorers of 2022 World Cup Quarter-final between Croatia and Brazil(Including extra time if, there was any, but no penalties)(ex.2-1,player1,player2,player3);.;.;1-1,Petkovic,Neymar;.;.;.;.;Hard;Guess The Score;TRUE;;
Guess The Score and the scorers of 2022 World Cup Semi-final between Argentina and Croatia(Including extra time if, there was any, but no penalties)(ex.2-1,player1,player2,player3);.;.;3-0,Lionel Messi,Julian Alvarez;.;.;.;.;Hard;Guess The Score;TRUE;;
Guess The Score and the scorers of 2022 World Cup Quarter-final between England and France(Including extra time if, there was any, but no penalties)(ex.2-1,player1,player2,player3);.;.;1-2,Tchouameni,Olivier Giroud,Harry Kane;.;.;.;.;Hard;Guess The Score;TRUE;;
Guess The Score and the scorers of 2022 World Cup Semi-final between Croatia and England(Including extra time if, there was any, but no penalties)(ex.2-1,player1,player2,player3);.;.;1-1,Perisic,Trippier;.;.;.;.;Hard;Guess The Score;TRUE;;
Guess The Score and the scorers of 2022 Euro Semi-final between Italy and Spain(Including extra time if, there was any, but no penalties)(ex.2-1,player1,player2,player3);.;.;1-1,Federico Chiesa,Alvaro Morata;.;.;.;.;Hard;Guess The Score;TRUE;;
Guess The Score and the scorers of 2022 Euro Final between Italy and England(Including extra time if, there was any, but no penalties)(ex.2-1,player1,player2,player3);.;.;1-1,Luke Shaw,Leonardo Bonucci;.;.;.;.;Hard;Guess The Score;TRUE;;
Find The Player;Sergio Aguero;David Silva;Sergio Aguero;.;.;.;.;Medium;Find Player By Photo;TRUE;image1_exxexb;https://res.cloudinary.com/dlmdnbstg/image/upload/v1724972939/Questions/Find%20Player%20By%20Photo/image1_exxexb.png
Find The Player;Gervinho;Pierre-Emerick Aubameyang;Pierre-Emerick Aubameyang;.;.;.;.;Medium;Find Player By Photo;TRUE;image2_bc1ynu;https://res.cloudinary.com/dlmdnbstg/image/upload/v1724972939/Questions/Find%20Player%20By%20Photo/image2_bc1ynu.png
Find The Player;Mario Balotelli;Angelo Ogbonna;Mario Balotelli;.;.;.;.;Medium;Find Player By Photo;TRUE;image3_ikoaqi;https://res.cloudinary.com/dlmdnbstg/image/upload/v1724972944/Questions/Find%20Player%20By%20Photo/image3_ikoaqi.png
Find The Player;George Best;Eric Cantona;Eric Cantona;.;.;.;.;Medium;Find Player By Photo;TRUE;image4_ws5wab;https://res.cloudinary.com/dlmdnbstg/image/upload/v1724972946/Questions/Find%20Player%20By%20Photo/image4_ws5wab.png
Find The Player;Nigel De Jong;Van der Wiel;Nigel De Jong;.;.;.;.;Medium;Find Player By Photo;TRUE;image5_jewmoj;https://res.cloudinary.com/dlmdnbstg/image/upload/v1724972944/Questions/Find%20Player%20By%20Photo/image5_jewmoj.png
Find The Player;Mohamed Salah;Fellaini;Fellaini;.;.;.;.;Medium;Find Player By Photo;TRUE;image6_uqhaog;https://res.cloudinary.com/dlmdnbstg/image/upload/v1724972941/Questions/Find%20Player%20By%20Photo/image6_uqhaog.png
Find The Player;Roberto Firmino;Joel Matip;Roberto Firmino;.;.;.;.;Medium;Find Player By Photo;TRUE;image7_tftwms;https://res.cloudinary.com/dlmdnbstg/image/upload/v1724972945/Questions/Find%20Player%20By%20Photo/image7_tftwms.png
Find The Player;Pierre-Emerick Aubameyang;Gervinho;Gervinho;.;.;.;.;Medium;Find Player By Photo;TRUE;image8_et2ev2;https://res.cloudinary.com/dlmdnbstg/image/upload/v1724972942/Questions/Find%20Player%20By%20Photo/image8_et2ev2.png
Find The Player;Eden Hazard;Gareth Bale;Eden Hazard;.;.;.;.;Medium;Find Player By Photo;TRUE;image9_czpa4m;https://res.cloudinary.com/dlmdnbstg/image/upload/v1724972942/Questions/Find%20Player%20By%20Photo/image9_czpa4m.png
Find The Player;Xavi;Andres Iniesta;Andres Iniesta;.;.;.;.;Medium;Find Player By Photo;TRUE;image10_ihvltl;https://res.cloudinary.com/dlmdnbstg/image/upload/v1724972933/Questions/Find%20Player%20By%20Photo/image10_ihvltl.png
Find The Player;Sadio Mane;Konate;Sadio Mane;.;.;.;.;Medium;Find Player By Photo;TRUE;image11_mqwnm9;https://res.cloudinary.com/dlmdnbstg/image/upload/v1724972935/Questions/Find%20Player%20By%20Photo/image11_mqwnm9.png
Find The Player;Yaya Toure;Mario Balotelli;Mario Balotelli;.;.;.;.;Medium;Find Player By Photo;TRUE;image12_psjrp7;https://res.cloudinary.com/dlmdnbstg/image/upload/v1724972937/Questions/Find%20Player%20By%20Photo/image12_psjrp7.png
Find The Player;Lionel Messi;Luis Suarez;Lionel Messi;.;.;.;.;Medium;Find Player By Photo;TRUE;image13_tlmllo;https://res.cloudinary.com/dlmdnbstg/image/upload/v1724972934/Questions/Find%20Player%20By%20Photo/image13_tlmllo.png
Find The Player;Dimitri Payet;Samir Nasri;Samir Nasri;.;.;.;.;Medium;Find Player By Photo;TRUE;image14_v2fydd;https://res.cloudinary.com/dlmdnbstg/image/upload/v1724972937/Questions/Find%20Player%20By%20Photo/image14_v2fydd.png
Find The Player;Robbie Fowler;Alan Navarro;Robbie Fowler;.;.;.;.;Medium;Find Player By Photo;TRUE;image15_g5oysw;https://res.cloudinary.com/dlmdnbstg/image/upload/v1724972939/Questions/Find%20Player%20By%20Photo/image15_g5oysw.png
Find The Player;Samuel Eto'o;Ronaldinho;Ronaldinho;.;.;.;.;Medium;Find Player By Photo;TRUE;image16_wbf0qf;https://res.cloudinary.com/dlmdnbstg/image/upload/v1724972938/Questions/Find%20Player%20By%20Photo/image16_wbf0qf.png
Find The Player;Cristiano Ronaldo;Luis Figo;Cristiano Ronaldo;.;.;.;.;Medium;Find Player By Photo;TRUE;image17_wiimsv;https://res.cloudinary.com/dlmdnbstg/image/upload/v1724972936/Questions/Find%20Player%20By%20Photo/image17_wiimsv.png
Find The Player;Chicharito;Wayne Rooney;Wayne Rooney;.;.;.;.;Medium;Find Player By Photo;TRUE;image18_g2t3m3;https://res.cloudinary.com/dlmdnbstg/image/upload/v1724972938/Questions/Find%20Player%20By%20Photo/image18_g2t3m3.png
Find The Player;Luis Suarez;Edinson Cavani;Luis Suarez;.;.;.;.;Medium;Find Player By Photo;TRUE;image19_yvyfhl;https://res.cloudinary.com/dlmdnbstg/image/upload/v1724972935/Questions/Find%20Player%20By%20Photo/image19_yvyfhl.png
Find The Player;Robben;Van Persie;Van Persie;.;.;.;.;Medium;Find Player By Photo;TRUE;image20_hleaie;https://res.cloudinary.com/dlmdnbstg/image/upload/v1724972946/Questions/Find%20Player%20By%20Photo/image20_hleaie.png
Find The Player;Antoine Griezmann;Erling Haaland;Antoine Griezmann;.;.;.;.;Medium;Find Player By Photo;TRUE;image21_adcgna;https://res.cloudinary.com/dlmdnbstg/image/upload/v1724972955/Questions/Find%20Player%20By%20Photo/image21_adcgna.jpg
Guess the player who wore the jersey of Barcelona duting 2007-08 season;Lionel Messi;Samuel Eto'o;Lionel Messi;.;.;.;.;Medium;Guess The Player;TRUE;g_player1_jktns3;https://res.cloudinary.com/dlmdnbstg/image/upload/v1726176019/Questions/Guess%20The%20Player/g_player1_jktns3.png
Guess the player who wore the jersey of Real Madrid during 2009-10 Season;Cristiano Ronaldo;Raul;Raul;.;.;.;.;Medium;Guess The Player;TRUE;g_player2_b1q8fm;https://res.cloudinary.com/dlmdnbstg/image/upload/v1726176019/Questions/Guess%20The%20Player/g_player2_b1q8fm.png
Guess the player who wore the jersey of Spain during 2011-12 Season;Xavi;Iniesta;Xavi;.;.;.;.;Medium;Guess The Player;TRUE;g_player3_bspied;https://res.cloudinary.com/dlmdnbstg/image/upload/v1726176019/Questions/Guess%20The%20Player/g_player3_bspied.png
Guess the player who wore the jersey of Liverpool during 2013-14 Season;Daniel Sturridge;Mario Balotelli;Mario Balotelli;.;.;.;.;Medium;Guess The Player;TRUE;g_player4_v5chtd;https://res.cloudinary.com/dlmdnbstg/image/upload/v1726176019/Questions/Guess%20The%20Player/g_player4_v5chtd.png
Guess the player who wore the jersey of Paris Saint-Germain during 2013-14 Season;David Beckham;Ezequiel Lavezzi;David Beckham;.;.;.;.;Medium;Guess The Player;TRUE;g_player5_qymnny;https://res.cloudinary.com/dlmdnbstg/image/upload/v1726176022/Questions/Guess%20The%20Player/g_player5_qymnny.png
Guess the player who wore the jersey of Chelsea during 2014-15 Season;David Luiz;Cesc Fabregas;Cesc Fabregas;.;.;.;.;Medium;Guess The Player;TRUE;g_player6_abycnh;https://res.cloudinary.com/dlmdnbstg/image/upload/v1726176021/Questions/Guess%20The%20Player/g_player6_abycnh.png
Guess the player who wore the jersey of Liverpool during 2017-18 Season;Sadio Mane;Divock Origi;Sadio Mane;.;.;.;.;Medium;Guess The Player;TRUE;g_player7_hyabcr;https://res.cloudinary.com/dlmdnbstg/image/upload/v1726176022/Questions/Guess%20The%20Player/g_player7_hyabcr.png
Guess the player who wore the jersey of Paris Saint-Germain during 2017-18 Season;Julian Draxler;Kylian Mbappe;Kylian Mbappe;.;.;.;.;Medium;Guess The Player;TRUE;g_player8_rtow40;https://res.cloudinary.com/dlmdnbstg/image/upload/v1726176022/Questions/Guess%20The%20Player/g_player8_rtow40.png
Guess the player who wore the jersey of Barcelona during 2019-20 Season;Ivan Rakitic;Frenkie de Jong;Ivan Rakitic;.;.;.;.;Medium;Guess The Player;TRUE;g_player9_hthe1k;https://res.cloudinary.com/dlmdnbstg/image/upload/v1726175977/Questions/Guess%20The%20Player/g_player9_hthe1k.png
Guess the player who wore the jersey of Real Madrid during 2021-22 Season;Rodrygo;Vinicius Junior;Vinicius Junior;.;.;.;.;Medium;Guess The Player;TRUE;g_player10_om3ti8;https://res.cloudinary.com/dlmdnbstg/image/upload/v1726175977/Questions/Guess%20The%20Player/g_player10_om3ti8.png
Guess the player who wore the jersey of Dortmund during 2022-23 Season;Jude Bellingham;Jadon Sancho;Jude Bellingham;.;.;.;.;Medium;Guess The Player;TRUE;g_player11_dwpz6d;https://res.cloudinary.com/dlmdnbstg/image/upload/v1726175977/Questions/Guess%20The%20Player/g_player11_dwpz6d.png
Guess the player who wore the jersey of Paris Saint-Germain during 2022-23 Season;Randal Kolo Muani;Lionel Messi;Lionel Messi;.;.;.;.;Medium;Guess The Player;TRUE;g_player12_cnvzd7;https://res.cloudinary.com/dlmdnbstg/image/upload/v1726175978/Questions/Guess%20The%20Player/g_player12_cnvzd7.png
Guess the player who wore the jersey of West Ham during 2022-23 Season;Declan Rice;Jarrod Bowen;Declan Rice;.;.;.;.;Medium;Guess The Player;TRUE;g_player13_qxkb1h;https://res.cloudinary.com/dlmdnbstg/image/upload/v1726175977/Questions/Guess%20The%20Player/g_player13_qxkb1h.png
Guess the player who wore the jersey of Liverpool during 2022-23 Season;Harvey Elliott;Darwin Nunez;Darwin Nunez;.;.;.;.;Medium;Guess The Player;TRUE;g_player14_abmufu;https://res.cloudinary.com/dlmdnbstg/image/upload/v1726175978/Questions/Guess%20The%20Player/g_player14_abmufu.png
Guess the player who wore the jersey of Milan during 2024-25 Season;Theo Hernandez;Rafael Leao;Theo Hernandez;.;.;.;.;Medium;Guess The Player;TRUE;_player15_feb9pc;https://res.cloudinary.com/dlmdnbstg/image/upload/v1726176019/Questions/Guess%20The%20Player/g_player15_feb9pc.png
Guess the player who wore the jersey of Real Madrid during 2024-25 Season;Toni Kross;Federico Valverde;Federico Valverde;.;.;.;.;Medium;Guess The Player;TRUE;g_player16_lh8uyf;https://res.cloudinary.com/dlmdnbstg/image/upload/v1726176018/Questions/Guess%20The%20Player/g_player16_lh8uyf.png
Guess the player who wore the jersey of Aston Villa during 2024-25 Season;Ollie Watkins;Leon Bailey;Ollie Watkins;.;.;.;.;Medium;Guess The Player;TRUE;g_player17_tmnpvx;https://res.cloudinary.com/dlmdnbstg/image/upload/v1726176018/Questions/Guess%20The%20Player/g_player17_tmnpvx.png
